2018-01-09 08:34:33		Contracts: 	5/11/12		Funding Required to Reach: 	3-31-2018		
2018-01-09 08:34:41		Person: 	Sheryl.Beck		Funding Required to Reach: 	3-31-2018		
2018-01-09 08:40:32		Person: 	Sheryl.Beck		Date Projection based on Funding: 	30000		
2018-01-09 10:42:42		Company: 	TBD		Funding Required to Reach: 	12-31-2018		
2018-01-09 10:43:18		Company: 	TBD		Funding Required to Reach: 	12-31-2018		
2018-01-09 10:47:54		Company: 	TBD		Funding Required to Reach: 	12-31-2018		
2018-01-09 10:48:00		Company: 	TBD		Funding Required to Reach: 	12-31-2018		
2018-01-09 11:08:10		Company Excluded: 	TBD		Funding Required to Reach: 	12-31-2018		
2018-01-09 11:36:49		Company Excluded: 	TBD		Funding Required to Reach: 	12-31-2018		
2018-01-09 11:37:33		Company Excluded: 	TBD		Funding Required to Reach: 	12-31-2018		
2018-01-09 11:37:51		Company Excluded: 	TBD		Funding Required to Reach: 	12-31-2018		
2018-01-09 11:39:22		Company Excluded: 	TBD		Funding Required to Reach: 	12-31-2018		
2018-01-09 11:41:32		Company Excluded: 	TBD		Funding Required to Reach: 	12-31-2018		
2018-01-09 11:42:02		Company Excluded: 	TBD		Funding Required to Reach: 	12-31-2018		
2018-01-09 11:43:51		Company Excluded: 	TBD		Funding Required to Reach: 	12-31-2018		
2018-01-09 11:45:47		Funding Required to Reach: 	12-31-2018		
2018-01-09 11:46:20		Funding Required to Reach: 	12-31-2018		
2018-01-09 11:47:00		Company Excluded: 	TBD		Funding Required to Reach: 	12-31-2018		
2018-01-09 11:49:58		Company Excluded: 	TBD		Funding Required to Reach: 	12-31-2018		
2018-01-09 11:53:58		Company Excluded: 	TBD		Funding Required to Reach: 	12-31-2018		
2018-01-09 11:56:21		Company Excluded: 	TBD		Funding Required to Reach: 	12-31-2018		
2018-01-09 12:04:38		Funding Required to Reach: 	12-31-2018		
2018-01-09 12:06:24		Funding Required to Reach: 	12-31-2018		
2018-01-09 12:06:46		Company Excluded: 	TBD		Funding Required to Reach: 	12-31-2018		
2018-01-09 12:07:28		Company Excluded: 	TBD		Funding Required to Reach: 	12-31-2018		
2018-01-09 12:16:41		Funding Required to Reach: 	12-31-2018		
2018-01-09 12:38:47		Funding Required to Reach: 	12-31-2018		
2018-01-09 12:39:16		Company Excluded: 	TBD		Funding Required to Reach: 	12-31-2018		
2018-01-09 12:51:48		Company: 	TBD		Funding Required to Reach: 	12-31-2018		
2018-01-09 13:32:21		Company: 	TBD		Funding Required to Reach: 	12-31-2018		
2018-01-09 14:38:45		
2018-01-09 14:49:00		
2018-01-09 14:49:31		
2018-01-09 14:50:50		
2018-01-09 14:53:16		
2018-01-09 14:53:29		
2018-01-09 14:56:03		
2018-01-09 14:57:45		
2018-01-09 15:09:36		
2018-01-09 15:11:54		
2018-01-09 15:21:27		
2018-01-09 15:22:58		
2018-01-09 15:23:51		
2018-01-09 15:25:18		
2018-01-09 15:25:32		
2018-01-09 15:27:02		
2018-01-09 15:27:12		
2018-01-09 15:32:20		
2018-01-09 15:34:46		
2018-01-09 15:35:10		
2018-01-09 15:35:24		
2018-01-09 15:54:32		
2018-01-09 15:54:57		
2018-01-09 15:55:47		
2018-01-09 15:56:35		
2018-01-09 15:59:22		
2018-01-09 15:59:46		
2018-01-09 15:59:53		
2018-01-09 16:08:23		
2018-01-09 16:13:11		
2018-01-09 16:13:36		
2018-01-09 16:13:54		
2018-01-09 16:14:04		
2018-01-09 16:15:31		
2018-01-09 16:24:24		
2018-01-09 16:38:53		
2018-01-10 08:44:56		
2018-01-10 08:48:08		
2018-01-10 09:31:27		Company Excluded: 	TBD		
2018-01-10 09:32:02		Contracts: 	5/11		Funding Required to Reach: 	12-31-2018		
2018-01-10 15:56:19		Date Projection based on Funding: 	20000		
2018-01-10 15:58:44		Contracts: 	2		Date Projection based on Funding: 	33925.88		
2018-01-10 15:59:41		Contracts: 	2		Date Projection based on Funding: 	33925.88		
2018-01-11 13:22:48		Contracts: 	2		Date Projection based on Funding: 	729550.15		
2018-01-11 14:19:00		Contracts: 	1		Date Projection based on Funding: 	677326.28		
2018-01-11 14:23:29		Contracts: 	2		Date Projection based on Funding: 	729550.15		
2018-01-11 14:23:37		Contracts: 	1		Date Projection based on Funding: 	677326.28		
2018-01-11 14:24:06		Contracts: 	1		Date Projection based on Funding: 	677326.28		
2018-01-11 14:30:23		Funding Required to Reach: 	3-31-2018		
2018-01-11 14:31:28		Contracts: 	1		Date Projection based on Funding: 	677326.28		
2018-01-11 14:33:29		Funding Required to Reach: 	3-31-2018		
2018-01-11 14:38:24		Funding Required to Reach: 	4-30-2018		
2018-01-11 14:39:43		Funding Required to Reach: 	5-31-2018		
2018-01-11 14:42:17		Funding Required to Reach: 	5-31-2018		
2018-01-11 14:43:03		Funding Required to Reach: 	12-31-2018		
2018-01-11 15:02:07		Funding Required to Reach: 	3-31-2018		
2018-01-11 15:03:36		Funding Required to Reach: 	4-30-2018		
2018-01-11 15:04:20		Funding Required to Reach: 	5-31-2018		
2018-01-11 15:05:01		Funding Required to Reach: 	12-31-2018		
2018-01-12 08:22:56		Funding Required to Reach: 	7-31-2018		
2018-01-12 08:24:09		Date Projection based on Funding: 	50000		
2018-01-12 08:24:42		Date Projection based on Funding: 	49000		
Python 2.7   2018-01-18 09:54:03		Contracts: 	1		Date Projection based on Funding: 	685000		
Python 2.7   2018-01-18 10:20:55		Contracts: 	2		Date Projection based on Funding: 	745884.39		
Python 2.7   2018-01-18 10:21:52		Contracts: 	1		Date Projection based on Funding: 	685000		
Python 2.7   2018-01-18 10:23:28		Contracts: 	1		Date Projection based on Funding: 	650000		
Python 2.7   2018-01-18 10:24:01		Contracts: 	1		Date Projection based on Funding: 	650000		
Python 2.7   2018-01-18 10:24:19		Contracts: 	2		Date Projection based on Funding: 	745884.39		
Python 2.7   2018-01-18 11:22:47		Contracts: 	2		Date Projection based on Funding: 	745884.39		
Python 2.7   2018-01-18 11:24:22		Date Projection based on Funding: 	3000000		
Python 2.7   2018-01-18 11:39:40		Date Projection based on Funding: 	3000000		
Python 2.7   2018-01-18 11:48:38		Date Projection based on Funding: 	3000000		
Python 2.7   2018-01-18 12:16:35		Date Projection based on Funding: 	2920000		
Python 2.7   2018-01-18 12:22:01		Date Projection based on Funding: 	2920000		
Python 2.7   2018-01-18 12:27:03		Date Projection based on Funding: 	3000000		
Python 2.7   2018-01-18 12:28:28		Date Projection based on Funding: 	2920000		
Python 2.7   2018-01-18 12:33:36		Date Projection based on Funding: 	2920000		
Python 2.7   2018-01-18 14:01:44		Funding Required to Reach: 	6-22-2018		
Python 2.7   2018-01-18 14:02:06		Contracts: 	1/2		Funding Required to Reach: 	6-22-2018		
Python 2.7   2018-01-18 14:05:26		Date Projection based on Funding: 	4431210.71		
Python 2.7   2018-01-18 14:12:52		Contracts: 	1/2		Date Projection based on Funding: 	1431210.71		
Python 2.7   2018-01-18 14:18:52		Date Projection based on Funding: 	2957064		
Python 2.7   2018-01-18 14:20:03		Date Projection based on Funding: 	2157064		
Python 2.7   2018-01-18 14:22:16		KSR Ratio: 	.5		Date Projection based on Funding: 	2937064		
Python 2.7   2018-01-18 14:23:07		KSR Ratio: 	.2		Date Projection based on Funding: 	2910064		
Python 2.7   2018-01-18 14:27:59		KSR Ratio: 	.2		Date Projection based on Funding: 	2890064		
Python 2.7   2018-01-18 14:28:24		KSR Ratio: 	.2		Date Projection based on Funding: 	2860064		
Python 2.7   2018-01-22 11:12:05		Date Projection based on Funding: 	2000		
Python 2.7   2018-01-22 11:12:36		Date Projection based on Funding: 	2000		
Python 2.7   2018-01-22 11:19:54		Contracts: 	1/2		Date Projection based on Funding: 	1431210.71		
Python 2.7   2018-01-22 11:21:26		Date Projection based on Funding: 	3000000		
Python 2.7   2018-01-22 11:22:19		Date Projection based on Funding: 	3000000		
Python 2.7   2018-01-22 11:23:57		KSR Ratio: 	.2		Date Projection based on Funding: 	3000000		
Python 2.7   2018-01-22 11:25:23		KSR Ratio: 	.2		Date Projection based on Funding: 	3000000		
Python 2.7   2018-01-23 10:51:45		Contracts: 	2		Date Projection based on Funding: 	462369.90		
Python 2.7   2018-01-23 16:11:13		Contracts: 	5/11/12		Date Projection based on Funding: 	1525394.67		
Python 2.7   2018-01-23 16:49:34		Contracts: 	MPR		Date Projection based on Funding: 	725000		
Python 2.7   2018-01-23 16:50:19		Contracts: 	MPR		Date Projection based on Funding: 	725000		
Python 2.7   2018-01-23 16:56:54		Contracts: 	1		Date Projection based on Funding: 	1725000		
Python 2.7   2018-01-23 16:57:41		Contracts: 	5/11/12		Date Projection based on Funding: 	1525394.67		
Python 2.7   2018-01-24 08:45:54		Contracts: 	ISSDD		Date Projection based on Funding: 	83974.65		
Python 2.7   2018-01-24 08:47:33		Contracts: 	ISSDD		Date Projection based on Funding: 	83974.65		
Python 2.7   2018-01-24 15:51:25		Funding Required to Reach: 	1-31-2018		
Python 2.7   2018-01-24 15:52:07		Funding Required to Reach: 	1-31-2018		
Python 2.7   2018-01-24 15:53:16		Funding Required to Reach: 	2-28-2018		
Python 2.7   2018-01-24 15:53:32		Funding Required to Reach: 	3-31-2018		
Python 2.7   2018-01-24 15:53:56		Funding Required to Reach: 	5-31-2018		
Python 2.7   2018-01-24 15:54:07		Funding Required to Reach: 	7-31-2018		
Python 2.7   2018-01-24 15:54:21		Funding Required to Reach: 	8-31-2018		
Python 2.7   2018-01-24 15:54:35		Funding Required to Reach: 	10-31-2018		
Python 2.7   2018-01-24 15:54:47		Funding Required to Reach: 	12-31-2018		
Python 2.7   2018-01-24 15:55:07		Funding Required to Reach: 	11-30-2018		
Python 2.7   2018-01-24 15:55:22		Funding Required to Reach: 	9-30-2018		
Python 2.7   2018-01-24 15:55:37		Funding Required to Reach: 	6-30-2018		
Python 2.7   2018-01-24 15:55:48		Funding Required to Reach: 	4-30-2018		
Python 2.7   2018-01-24 15:59:05		Funding Required to Reach: 	6-30-2018		
Python 2.7   2018-01-24 16:00:57		Funding Required to Reach: 	6-30-2018		
Python 2.7   2018-01-24 16:01:56		Funding Required to Reach: 	6-30-2018		
Python 2.7   2018-01-24 16:04:48		Funding Required to Reach: 	1-31-2018		
Python 2.7   2018-01-24 16:04:54		Funding Required to Reach: 	1-31-2018		
Python 2.7   2018-01-24 16:06:59		Funding Required to Reach: 	1-31-2018		
Python 2.7   2018-01-24 16:07:46		Funding Required to Reach: 	1-31-2018		
Python 2.7   2018-01-24 16:08:18		Funding Required to Reach: 	2-28-2018		
Python 2.7   2018-01-24 16:08:38		Funding Required to Reach: 	4-30-2018		
Python 2.7   2018-01-24 16:08:43		Funding Required to Reach: 	6-30-2018		
Python 2.7   2018-01-24 16:08:53		Funding Required to Reach: 	3-31-2018		
Python 2.7   2018-01-24 16:09:05		Funding Required to Reach: 	5-31-2018		
Python 2.7   2018-01-24 16:09:49		Funding Required to Reach: 	3-31-2018		
Python 2.7   2018-01-24 16:11:07		Funding Required to Reach: 	3-31-2018		
Python 2.7   2018-01-24 16:13:53		Funding Required to Reach: 	1-31-2018		
Python 2.7   2018-01-24 16:14:24		Funding Required to Reach: 	1-31-2018		
Python 2.7   2018-01-24 16:14:36		Funding Required to Reach: 	2-28-2018		
Python 2.7   2018-01-24 16:14:46		Funding Required to Reach: 	3-31-2018		
Python 2.7   2018-01-24 16:14:55		Funding Required to Reach: 	4-30-2018		
Python 2.7   2018-01-24 16:15:03		Funding Required to Reach: 	5-31-2018		
Python 2.7   2018-01-24 16:15:08		Funding Required to Reach: 	6-30-2018		
Python 2.7   2018-01-24 16:15:16		Funding Required to Reach: 	7-31-2018		
Python 2.7   2018-01-24 16:15:21		Funding Required to Reach: 	8-31-2018		
Python 2.7   2018-01-24 16:15:28		Funding Required to Reach: 	9-30-2018		
Python 2.7   2018-01-24 16:15:34		Funding Required to Reach: 	10-31-2018		
Python 2.7   2018-01-24 16:15:42		Funding Required to Reach: 	11-30-2018		
Python 2.7   2018-01-24 16:15:51		Funding Required to Reach: 	12-31-2018		
Python 2.7   2018-01-24 16:23:38		Funding Required to Reach: 	1-31-2018		
Python 2.7   2018-01-24 16:24:22		Funding Required to Reach: 	2-28-2018		
Python 2.7   2018-01-24 16:24:25		Funding Required to Reach: 	3-31-2018		
Python 2.7   2018-01-24 16:24:28		Funding Required to Reach: 	4-30-2018		
Python 2.7   2018-01-24 16:24:32		Funding Required to Reach: 	5-31-2018		
Python 2.7   2018-01-24 16:24:35		Funding Required to Reach: 	6-30-2018		
Python 2.7   2018-01-24 16:24:40		Funding Required to Reach: 	7-31-2018		
Python 2.7   2018-01-24 16:24:44		Funding Required to Reach: 	8-31-2018		
Python 2.7   2018-01-24 16:24:49		Funding Required to Reach: 	9-30-2018		
Python 2.7   2018-01-24 16:24:54		Funding Required to Reach: 	10-31-2018		
Python 2.7   2018-01-24 16:25:00		Funding Required to Reach: 	11-30-2018		
Python 2.7   2018-01-24 16:25:10		Funding Required to Reach: 	12-31-2018		
Python 2.7   2018-01-24 16:38:45		Contracts: 	5/11/12		Date Projection based on Funding: 	1400000		
Python 2.7   2018-01-24 16:41:35		Funding Required to Reach: 	1-31-2018		
Python 2.7   2018-01-24 16:41:39		Funding Required to Reach: 	2-28-2018		
Python 2.7   2018-01-24 16:41:43		Funding Required to Reach: 	3-31-2018		
Python 2.7   2018-01-24 16:41:46		Funding Required to Reach: 	4-30-2018		
Python 2.7   2018-01-24 16:41:50		Funding Required to Reach: 	5-31-2018		
Python 2.7   2018-01-24 16:41:54		Funding Required to Reach: 	6-30-2018		
Python 2.7   2018-01-24 16:41:57		Funding Required to Reach: 	7-31-2018		
Python 2.7   2018-01-24 16:42:01		Funding Required to Reach: 	8-31-2018		
Python 2.7   2018-01-24 16:42:05		Funding Required to Reach: 	9-30-2018		
Python 2.7   2018-01-24 16:42:09		Funding Required to Reach: 	10-31-2018		
Python 2.7   2018-01-24 16:42:14		Funding Required to Reach: 	11-30-2018		
Python 2.7   2018-01-24 16:42:19		Funding Required to Reach: 	12-31-2018		
Python 2.7   2018-01-29 12:21:48		Funding Required to Reach: 	3-31-2019		
Python 2.7   2018-01-29 12:22:06		Funding Required to Reach: 	3-31-2019		
Python 2.7   2018-01-29 12:24:22		Funding Required to Reach: 	3-31-2019		
Python 2.7   2018-01-29 12:25:35		Funding Required to Reach: 	3-31-2019		
Python 2.7   2018-01-29 12:27:50		Funding Required to Reach: 	3-31-2019		
Python 2.7   2018-01-29 12:28:41		Funding Required to Reach: 	3-31-2019		
Python 2.7   2018-01-29 12:29:16		Funding Required to Reach: 	3-31-2019		
Python 2.7   2018-01-29 12:30:06		Funding Required to Reach: 	3-31-2019		
Python 2.7   2018-01-29 12:31:10		Funding Required to Reach: 	3-31-2019		
Python 2.7   2018-01-29 12:34:59		Contracts: 	1		Date Projection based on Funding: 	978395.17		
Python 2.7   2018-01-29 12:36:24		Contracts: 	1		Date Projection based on Funding: 	978395.17		
Python 2.7   2018-01-29 12:37:58		Contracts: 	1		Date Projection based on Funding: 	978395.17		
Python 2.7   2018-01-29 12:41:08		Funding Required to Reach: 	3-31-2019		
Python 2.7   2018-01-29 12:44:31		Contracts: 	1		Date Projection based on Funding: 	978395.17		
Python 2.7   2018-01-29 12:45:05		Contracts: 	1		Date Projection based on Funding: 	978395.17		
Python 2.7   2018-01-29 14:12:11		Contracts: 	1		Date Projection based on Funding: 	978395.17		
Python 2.7   2018-01-29 14:13:51		Contracts: 	1		Date Projection based on Funding: 	978395.17		
Python 2.7   2018-01-29 14:54:32		Funding Required to Reach: 	3-31-2019		
Python 2.7   2018-01-29 14:58:19		Funding Required to Reach: 	3-31-2019		
Python 2.7   2018-01-29 15:00:32		Funding Required to Reach: 	3-31-2019		
Python 2.7   2018-01-29 15:01:32		Funding Required to Reach: 	3-31-2019		
Python 2.7   2018-01-29 15:02:55		Funding Required to Reach: 	3-31-2019		
Python 2.7   2018-01-29 15:04:23		Funding Required to Reach: 	3-31-2019		
Python 2.7   2018-01-29 16:46:37		Contracts: 	20/6		Date Projection based on Funding: 	1525394.67		
Python 2.7   2018-01-30 08:50:58		Contracts: 	6/20		Date Projection based on Funding: 	1525394.67		
Python 2.7   2018-01-30 08:55:34		Contracts: 	6/20		Date Projection based on Funding: 	1525394.67		
Python 2.7   2018-01-30 09:22:35		Contracts: 	6/20		Date Projection based on Funding: 	1525394.67		
Python 2.7   2018-01-30 09:30:41		Contracts: 	6/20		Date Projection based on Funding: 	1525394.67		
Python 2.7   2018-01-30 09:32:39		Contracts: 	6/20		Date Projection based on Funding: 	1525394.67		
Python 2.7   2018-01-30 10:26:52		Contracts: 	6/20		Date Projection based on Funding: 	1525394.67		
Python 2.7   2018-01-30 10:32:07		Contracts: 	6/20		Date Projection based on Funding: 	1525394.67		
Python 2.7   2018-01-30 10:32:38		KSR Ratio: 	.2		Contracts: 	6/20		Date Projection based on Funding: 	1525394.67		
Python 2.7   2018-01-30 10:32:48		KSR Ratio: 	1		Contracts: 	6/20		Date Projection based on Funding: 	1525394.67		
Python 2.7   2018-01-30 10:32:59		KSR Ratio: 	2		Contracts: 	6/20		Date Projection based on Funding: 	1525394.67		
Python 2.7   2018-01-30 16:03:36		Contracts: 	6/20		Date Projection based on Funding: 	1525394.67		
Python 2.7   2018-01-30 17:13:54		Contracts: 	6/20		Date Projection based on Funding: 	1525394.67		
Python 2.7   2018-01-30 17:34:52		Contracts: 	6		Date Projection based on Funding: 	275000		
Python 2.7   2018-01-31 10:50:09		Contracts: 	6/20		Date Projection based on Funding: 	1504751.77		
Python 2.7   2018-01-31 11:38:56		Date Projection based on Funding: 	200000		
Python 2.7   2018-01-31 11:39:36		Date Projection based on Funding: 	200000		
Python 2.7   2018-01-31 11:41:04		Date Projection based on Funding: 	20000		
Python 2.7   2018-01-31 11:42:08		Contracts: 	MPRA		Date Projection based on Funding: 	725000		
Python 2.7   2018-01-31 13:03:21		Contracts: 	MPRS		Date Projection based on Funding: 	259346.02		
Python 2.7   2018-02-09 08:16:21		Contracts: 	2		Funding Required to Reach: 	3-31-2018		
Python 2.7   2018-02-09 08:18:30		Contracts: 	2		Company: 	OptimizationTechnologyInc.(OTI)-PSSPES		Funding Required to Reach: 	3-31-2018		
Python 2.7   2018-02-09 08:18:54		Contracts: 	2		Funding Required to Reach: 	3-31-2018		
Python 2.7   2018-02-09 08:21:41		Contracts: 	2		Company Excluded: 	Science Applications International Corporation (SAIC) - PSS PES		Funding Required to Reach: 	3-31-2018		
Python 2.7   2018-02-09 08:22:47		Contracts: 	2		Company Excluded: 	Science Applications International Corporation (SAIC) - PSS PES		Funding Required to Reach: 	4-30-2018		
Python 2.7   2018-02-09 08:23:10		Contracts: 	2		Company Excluded: 	Science Applications International Corporation (SAIC) - PSS PES		Funding Required to Reach: 	5-31-2018		
Python 2.7   2018-02-14 14:56:36		Funding Required to Reach: 	10-30-2018		
Python 2.7   2018-02-14 14:57:29		Funding Required to Reach: 	9-30-2018		
Python 2.7   2018-02-14 15:01:51		Funding Required to Reach: 	9-30-2018		
Python 2.7   2018-02-14 15:03:16		Funding Required to Reach: 	9-30-2018		
Python 2.7   2018-02-15 08:29:42		Contracts: 	1		Date Projection based on Funding: 	978395.17		
Python 2.7   2018-02-15 08:31:12		KSR Ratio: 	.4		Contracts: 	1		Date Projection based on Funding: 	978395.17		
Python 2.7   2018-02-15 09:21:04		Funding Required to Reach: 	1-31-2018		
Python 2.7   2018-02-15 09:22:15		Contracts: 	6		Date Projection based on Funding: 	280815.95		
Python 2.7   2018-02-15 14:49:09		Contracts: 	1		Date Projection based on Funding: 	189822.1		
Python 2.7   2018-02-15 14:51:50		Contracts: 	1		Date Projection based on Funding: 	189822.1		
Python 2.7   2018-02-15 14:52:26		Contracts: 	1		Date Projection based on Funding: 	189822.1		
Python 2.7   2018-02-15 14:53:40		Contracts: 	1		Date Projection based on Funding: 	189822.1		
Python 2.7   2018-02-23 09:09:53		Funding Required to Reach: 	12-31-18		
Python 2.7   2018-02-23 09:10:34		Funding Required to Reach: 	12-31-18		
Python 2.7   2018-02-23 09:11:00		
Python 2.7   2018-02-23 09:12:12		Funding Required to Reach: 	12-18-31		
Python 2.7   2018-02-23 09:12:27		Funding Required to Reach: 	12-18-31		
Python 2.7   2018-02-23 09:13:35		Funding Required to Reach: 	1-31-2018		
Python 2.7   2018-02-23 09:14:39		Date Projection based on Funding: 	20000		
Python 2.7   2018-02-23 09:15:13		Funding Required to Reach: 	12-31-18		
Python 2.7   2018-02-23 09:15:26		Funding Required to Reach: 	12-31-19		
Python 2.7   2018-02-23 09:15:37		Funding Required to Reach: 	1-1-19		
Python 2.7   2018-02-23 09:17:10		Funding Required to Reach: 	12-31-18		
Python 2.7   2018-02-23 09:17:31		Funding Required to Reach: 	1-1-19		
Python 2.7   2018-02-23 09:18:54		Funding Required to Reach: 	12-31-2018		
Python 2.7   2018-02-23 09:24:08		Funding Required to Reach: 	12-31-2018		
Python 2.7   2018-03-06 10:24:24		Funding Required to Reach: 	1-1-19		
Python 2.7   2018-03-06 10:24:42		Funding Required to Reach: 	1-1-2019		
Python 2.7   2018-03-06 10:53:39		Funding Required to Reach: 	3-1-2018		
Python 2.7   2018-03-06 11:04:58		Funding Required to Reach: 	2-1-2018		
Python 2.7   2018-03-06 11:08:29		Funding Required to Reach: 	1-1-2019		
Python 2.7   2018-03-06 11:15:01		Funding Required to Reach: 	1-1-2019		
Python 2.7   2018-03-06 11:58:48		Funding Required to Reach: 	3-1-2018		
Python 2.7   2018-03-06 12:00:52		Funding Required to Reach: 	1-1-2019		
Python 2.7   2018-03-06 12:06:00		Funding Required to Reach: 	1-1-2019		
Python 2.7   2018-03-06 13:31:34		Contracts: 	1		Date Projection based on Funding: 	978395.17		
Python 2.7   2018-03-06 13:31:53		Contracts: 	1		Date Projection based on Funding: 	978395.17		
Python 2.7   2018-03-06 13:57:48		Funding Required to Reach: 	3-1-2018		
Python 2.7   2018-03-06 14:01:32		Funding Required to Reach: 	1-1-2019		
Python 2.7   2018-03-06 14:09:39		Funding Required to Reach: 	3-1-2018		
Python 2.7   2018-03-07 11:49:40		Company: 	SSDD		Date Projection based on Funding: 	4476000		
Python 2.7   2018-03-07 11:50:19		Company: 	SSDD		Date Projection based on Funding: 	269980.9		
Python 2.7   2018-03-07 11:50:44		Company: 	SSDD		Date Projection based on Funding: 	250000		
Python 2.7   2018-03-07 11:51:02		Company: 	SSDD		Date Projection based on Funding: 	255000		
Python 2.7   2018-03-07 13:38:15		Contracts: 	1		Date Projection based on Funding: 	978395.17		
Python 2.7   2018-03-07 13:39:19		Contracts: 	1		Date Projection based on Funding: 	978395.17		
Python 2.7   2018-03-07 13:44:00		Company: 	SSDD		Date Projection based on Funding: 	255000		
Python 2.7   2018-03-07 13:45:27		Funding Required to Reach: 	1-1-2019		
Python 2.7   2018-03-07 14:31:54		Funding Required to Reach: 	12-1-18		
Python 2.7   2018-03-07 14:32:14		Funding Required to Reach: 	12-1-2018		
Python 2.7   2018-03-07 14:42:06		Contracts: 	20/6/1		Funding Required to Reach: 	12-1-18		
Python 2.7   2018-03-07 14:42:13		Contracts: 	20/6/1		Funding Required to Reach: 	12-1-2018		
Python 2.7   2018-03-07 14:43:21		Contracts: 	20/6/1		Funding Required to Reach: 	12-1-2018		
Python 2.7   2018-03-07 15:53:13		Contracts: 	20/6/1		Funding Required to Reach: 	1-1-2019		
Python 2.7   2018-03-07 15:54:02		Contracts: 	20/6/1		Funding Required to Reach: 	12-1-2019		
Python 2.7   2018-03-07 15:54:25		Contracts: 	20/6/1		Funding Required to Reach: 	12-1-2018		
Python 2.7   2018-03-07 16:17:17		Contracts: 	20/6/1/MPRS		Funding Required to Reach: 	1-1-2019		
Python 2.7   2018-03-07 16:38:19		Contracts: 	20/6/1/MPRS		Funding Required to Reach: 	1-1-2019		
Python 2.7   2018-03-07 17:02:02		Funding Required to Reach: 	1-1-2020		
Python 2.7   2018-03-08 09:45:30		Contracts: 	20/6/1/2		Date Projection based on Funding: 	1740000		
Python 2.7   2018-03-08 09:55:12		Contracts: 	20/6/1/2		Date Projection based on Funding: 	1740000		
Python 2.7   2018-03-08 10:20:11		Funding Required to Reach: 	1-1-2019		
Python 2.7   2018-03-08 10:21:24		Company Excluded: 	mpra		Funding Required to Reach: 	1-1-2019		
Python 2.7   2018-03-08 10:23:17		Funding Required to Reach: 	1-1-2019		
Python 2.7   2018-03-08 10:23:37		Funding Required to Reach: 	12-1-2019		
Python 2.7   2018-03-08 10:24:00		Funding Required to Reach: 	12-1-2018		
Python 2.7   2018-03-08 10:29:23		Funding Required to Reach: 	1-1-2019		
Python 2.7   2018-03-08 10:33:49		Funding Required to Reach: 	1-1-2019		
Python 2.7   2018-03-08 10:34:23		Contracts: 	6/20/1/2		Date Projection based on Funding: 	1740000		
Python 2.7   2018-03-08 10:38:05		Contracts: 	6/20/1/2		Date Projection based on Funding: 	1700000		
Python 2.7   2018-03-08 10:40:20		Contracts: 	6/20/1/2		Date Projection based on Funding: 	1690000		
Python 2.7   2018-03-08 10:40:58		Contracts: 	6/20/1/2		Date Projection based on Funding: 	1685000		
Python 2.7   2018-03-08 10:41:56		Contracts: 	6/20/1/2		Date Projection based on Funding: 	1686000		
Python 2.7   2018-03-08 10:42:53		Contracts: 	6/20/1/2		Date Projection based on Funding: 	1685500		
Python 2.7   2018-03-08 10:44:24		Contracts: 	6/20/1/2		Date Projection based on Funding: 	1685600		
Python 2.7   2018-03-08 10:45:23		Contracts: 	6/20/1/2		Date Projection based on Funding: 	1685600.60		
Python 2.7   2018-03-08 10:46:11		Contracts: 	6/20/1/2		Date Projection based on Funding: 	1685600.64		
Python 2.7   2018-03-08 10:46:57		Contracts: 	6/20/1/2		Date Projection based on Funding: 	1685600.63		
Python 2.7   2018-03-08 10:49:46		Contracts: 	6/20/1/2/ISSDD		Date Projection based on Funding: 	1685600.64		
Python 2.7   2018-03-08 10:52:06		Date Projection based on Funding: 	1685600.64		
Python 2.7   2018-03-08 11:00:03		Date Projection based on Funding: 	1685600.64		
Python 2.7   2018-03-08 11:03:27		Date Projection based on Funding: 	1690000		
Python 2.7   2018-03-08 11:04:24		Date Projection based on Funding: 	1692000		
Python 2.7   2018-03-08 11:06:30		Date Projection based on Funding: 	16915000		
Python 2.7   2018-03-08 11:12:24		Contracts: 	6/20/1/2		Date Projection based on Funding: 	1400000		
Python 2.7   2018-03-08 11:16:00		Contracts: 	6/20/1/2/ISSDD		Date Projection based on Funding: 	1400000		
Python 2.7   2018-03-08 11:25:36		Funding Required to Reach: 	1-1-2019		
Python 2.7   2018-03-08 11:28:52		Funding Required to Reach: 	1-1-2019		
Python 2.7   2018-03-08 11:40:43		Date Projection based on Funding: 	1300000		
Python 2.7   2018-03-08 11:42:00		Date Projection based on Funding: 	1270000		
Python 2.7   2018-03-08 11:43:25		Date Projection based on Funding: 	1264000		
Python 2.7   2018-03-08 11:44:08		KSR Ratio: 	.1		Date Projection based on Funding: 	1263800		
Python 2.7   2018-03-08 11:45:06		KSR Ratio: 	.2		Contracts: 	20/6/2/1/ISSDD		Date Projection based on Funding: 	1264000		
Python 2.7   2018-03-08 11:45:32		KSR Ratio: 	.2		Contracts: 	20/6/2/1/ISSDD		Date Projection based on Funding: 	1260000		
Python 2.7   2018-03-08 11:52:26		Funding Required to Reach: 	1-1-2019		
Python 2.7   2018-03-08 13:46:23		Contracts: 	1		Funding Required to Reach: 	7-27-2018		
Python 2.7   2018-03-09 08:56:24		Contracts: 	1		Funding Required to Reach: 	7-27-2018		
Python 2.7   2018-03-09 08:57:02		Contracts: 	20/6/2/1/ISSDD		Date Projection based on Funding: 	1260000		
Python 2.7   2018-03-09 10:43:22		Contracts: 	MPRS		Funding Required to Reach: 	1-1-2019		
Python 2.7   2018-03-09 10:44:58		Contracts: 	MPRS		Funding Required to Reach: 	1-1-2019		
Python 2.7   2018-03-09 10:49:36		Contracts: 	1/2/MPRS/20/6/ISSDD		Date Projection based on Funding: 	1400000		
Python 2.7   2018-03-12 14:41:51		Contracts: 	1		Date Projection based on Funding: 	978395.17		
Python 2.7   2018-03-15 15:15:50		Funding Required to Reach: 	12-31-2018		
Python 2.7   2018-03-27 09:04:15		Funding Required to Reach: 	11-19-18		
Python 2.7   2018-03-27 09:07:45		Date Projection based on Funding: 	1212121		
Python 2.7   2018-03-27 09:12:46		Date Projection based on Funding: 	1212121		
Python 2.7   2018-03-27 09:15:26		Date Projection based on Funding: 	1212121		
Python 2.7   2018-03-27 10:01:03		Funding Required to Reach: 	1-19-19		
Python 2.7   2018-03-27 10:01:26		Date Projection based on Funding: 	12121211		
Python 2.7   2018-04-05 12:29:09		Date Projection based on Funding: 	20000000		
Python 2.7   2018-04-05 12:30:51		Date Projection based on Funding: 	2000000		
Python 2.7   2018-04-05 12:34:21		KSR Ratio: 	.5		Date Projection based on Funding: 	2000000		
Python 2.7   2018-04-05 12:36:21		KSR Ratio: 	.5		Date Projection based on Funding: 	2000000		
Python 2.7   2018-04-05 12:42:10		KSR Ratio: 	.5		Date Projection based on Funding: 	2000000		
Python 2.7   2018-04-05 12:45:38		KSR Ratio: 	.5		Contracts: 	1		Date Projection based on Funding: 	761278.66		
Python 2.7   2018-04-05 14:38:58		KSR Ratio: 	.5		Contracts: 	1		Date Projection based on Funding: 	761278.66		
Python 2.7   2018-04-09 10:43:47		Funding Required to Reach: 	1-1-19		
Python 2.7   2018-04-09 10:44:51		Funding Required to Reach: 	1-1-2019		
Python 2.7   2018-04-09 10:46:22		Company Excluded: 	Aerospace		Funding Required to Reach: 	1-1-2019		
Python 2.7   2018-04-10 17:45:21		Contracts: 	20		Date Projection based on Funding: 	579217.98		
Python 2.7   2018-04-10 17:45:41		Contracts: 	20/6/62		Date Projection based on Funding: 	579217.98		
Python 2.7   2018-04-10 17:46:01		Contracts: 	20/6/62		Date Projection based on Funding: 	579217.98		
Python 2.7   2018-04-10 17:50:23		Contracts: 	20/6/62		Date Projection based on Funding: 	579217.98		
Python 2.7   2018-04-10 18:21:17		Contracts: 	1		Date Projection based on Funding: 	764594.4		
Python 2.7   2018-04-10 18:21:50		Contracts: 	1		Date Projection based on Funding: 	764594.4		
Python 2.7   2018-04-10 18:22:07		Contracts: 	1		Date Projection based on Funding: 	764594.4		
Python 2.7   2018-04-10 18:22:32		Contracts: 	1		Date Projection based on Funding: 	764594.4		
Python 2.7   2018-04-10 18:23:00		Contracts: 	1		Date Projection based on Funding: 	764594.4		
Python 2.7   2018-04-10 18:23:44		Contracts: 	1		Date Projection based on Funding: 	764594.4		
Python 2.7   2018-04-17 08:50:35		Contracts: 	1		Date Projection based on Funding: 	764594.40		
Python 2.7   2018-04-17 08:51:09		Contracts: 	1		Date Projection based on Funding: 	764594.40		
Python 2.7   2018-04-17 08:53:35		Contracts: 	1		Date Projection based on Funding: 	764594.40		
Python 2.7   2018-04-17 08:57:06		Contracts: 	1		Date Projection based on Funding: 	764594.40		
Python 2.7   2018-04-17 08:57:46		Contracts: 	1		Date Projection based on Funding: 	764594.40		
Python 2.7   2018-04-17 08:58:06		Contracts: 	1		Date Projection based on Funding: 	764594.40		
Python 2.7   2018-04-17 08:58:50		KSR Ratio: 	1		Contracts: 	1		Date Projection based on Funding: 	764594.40		
Python 2.7   2018-04-17 08:59:00		KSR Ratio: 	.5		Contracts: 	1		Date Projection based on Funding: 	764594.40		
Python 2.7   2018-04-17 08:59:42		Contracts: 	1		Date Projection based on Funding: 	764594.40		
Python 2.7   2018-04-17 09:01:31		Contracts: 	1		Date Projection based on Funding: 	764594.40		
Python 2.7   2018-04-17 09:01:45		Contracts: 	1		Date Projection based on Funding: 	764594.40		
Python 2.7   2018-04-17 15:40:05		Contracts: 	20		Person: 	Matthew.Gan		Company: 	GaN Corporation - PSS		
Python 2.7   2018-04-17 15:40:16		Contracts: 	20		Person: 	Matthew.Gan		Company: 	GaN Corporation - PSS		
Python 2.7   2018-04-17 15:40:47		Contracts: 	20		Company: 	GaN Corporation - PSS		
Python 2.7   2018-04-17 15:42:45		Contracts: 	20		Company: 	GaN Corporation - PSS		Date Projection based on Funding: 	84620.8		
Python 2.7   2018-04-17 16:00:56		Contracts: 	20		
Python 2.7   2018-04-17 16:02:39		Contracts: 	20		
Python 2.7   2018-04-17 16:02:53		Contracts: 	20		
Python 2.7   2018-04-17 16:07:11		Contracts: 	20		
Python 2.7   2018-04-17 16:07:32		Contracts: 	20		
Python 2.7   2018-04-17 16:07:40		Contracts: 	20		Date Projection based on Funding: 	84200		
Python 2.7   2018-04-17 16:08:35		Contracts: 	20		Date Projection based on Funding: 	84620.80		
Python 2.7   2018-04-17 16:09:05		Contracts: 	20		Date Projection based on Funding: 	84620.80		
Python 2.7   2018-04-17 16:09:18		Contracts: 	20		Date Projection based on Funding: 	84620.80		
Python 2.7   2018-04-17 16:09:57		Contracts: 	20		Date Projection based on Funding: 	84620.80		
Python 2.7   2018-04-17 16:19:37		Contracts: 	20		Date Projection based on Funding: 	84620.80		
Python 2.7   2018-04-17 16:21:16		Contracts: 	20		Date Projection based on Funding: 	84620.80		
Python 2.7   2018-04-17 16:21:43		Contracts: 	20		Date Projection based on Funding: 	84620.80		
Python 2.7   2018-04-17 16:22:49		Contracts: 	20		Date Projection based on Funding: 	84620.80		
Python 2.7   2018-04-17 16:23:59		Contracts: 	20		Date Projection based on Funding: 	84620.80		
Python 2.7   2018-04-17 16:24:12		Contracts: 	20		Date Projection based on Funding: 	84620.80		
Python 2.7   2018-04-17 16:24:24		Contracts: 	20		Date Projection based on Funding: 	84620.80		
Python 2.7   2018-04-17 16:24:46		Contracts: 	20		Date Projection based on Funding: 	84620.80		
Python 2.7   2018-04-17 16:25:07		Contracts: 	20		Date Projection based on Funding: 	84620.80		
Python 2.7   2018-04-17 16:26:07		Contracts: 	20		Date Projection based on Funding: 	84620.80		
Python 2.7   2018-04-17 16:27:18		Contracts: 	20		Date Projection based on Funding: 	84620.80		
Python 2.7   2018-04-17 16:28:25		Contracts: 	20		Date Projection based on Funding: 	84620.80		
Python 2.7   2018-04-17 16:29:28		Contracts: 	20		Date Projection based on Funding: 	84620.80		
Python 2.7   2018-04-17 16:29:57		Contracts: 	20		Date Projection based on Funding: 	84620.80		
Python 2.7   2018-04-17 16:30:58		Contracts: 	20		Date Projection based on Funding: 	84620.80		
Python 2.7   2018-04-17 16:31:23		Contracts: 	20		Date Projection based on Funding: 	84620.80		
Python 2.7   2018-04-17 16:32:18		Contracts: 	20		Date Projection based on Funding: 	84620.80		
Python 2.7   2018-04-17 16:32:48		Contracts: 	20		Date Projection based on Funding: 	84620.80		
Python 2.7   2018-04-17 16:33:11		Contracts: 	20		Date Projection based on Funding: 	84620.80		
Python 2.7   2018-04-17 16:33:48		Contracts: 	20		Date Projection based on Funding: 	84620.80		
Python 2.7   2018-04-17 16:34:09		Contracts: 	20		Date Projection based on Funding: 	84620.80		
Python 2.7   2018-04-17 16:34:28		Contracts: 	20		Date Projection based on Funding: 	84620.80		
Python 2.7   2018-04-17 16:34:44		Contracts: 	20		Date Projection based on Funding: 	84620.80		
Python 2.7   2018-04-17 16:35:08		Contracts: 	20		Date Projection based on Funding: 	84620.80		
Python 2.7   2018-04-17 16:35:32		Contracts: 	20		Date Projection based on Funding: 	84620.80		
Python 2.7   2018-04-17 16:35:57		Contracts: 	20		Date Projection based on Funding: 	84620.80		
Python 2.7   2018-04-17 16:36:15		Contracts: 	20		Date Projection based on Funding: 	84620.80		
Python 2.7   2018-04-17 16:36:35		Contracts: 	20		Date Projection based on Funding: 	84620.80		
Python 2.7   2018-04-17 16:38:32		Contracts: 	20		Date Projection based on Funding: 	84620.80		
Python 2.7   2018-04-17 16:38:54		Contracts: 	20		Date Projection based on Funding: 	84620.80		
Python 2.7   2018-04-17 16:39:16		Contracts: 	20		Date Projection based on Funding: 	84620.80		
Python 2.7   2018-04-17 16:39:34		Contracts: 	20		Date Projection based on Funding: 	84620.80		
Python 2.7   2018-04-17 16:39:58		Contracts: 	20		Date Projection based on Funding: 	84620.80		
Python 2.7   2018-04-17 16:40:52		Contracts: 	20		Date Projection based on Funding: 	84620.80		
Python 2.7   2018-04-17 16:41:09		Contracts: 	20		Date Projection based on Funding: 	84620.80		
Python 2.7   2018-04-17 16:41:25		Contracts: 	20		Date Projection based on Funding: 	84620.80		
Python 2.7   2018-04-17 16:41:43		Contracts: 	20		Date Projection based on Funding: 	84620.80		
Python 2.7   2018-04-17 16:42:44		Contracts: 	20		Date Projection based on Funding: 	84620.80		
Python 2.7   2018-04-17 16:43:10		Contracts: 	20		Date Projection based on Funding: 	84620.80		
Python 2.7   2018-04-17 16:43:39		Contracts: 	20		Date Projection based on Funding: 	84620.80		
Python 2.7   2018-04-17 16:44:35		Contracts: 	20		Date Projection based on Funding: 	84620.80		
Python 2.7   2018-04-17 16:49:11		Contracts: 	20		Date Projection based on Funding: 	84620.80		
Python 2.7   2018-04-17 16:49:34		Contracts: 	20		Date Projection based on Funding: 	84620.80		
Python 2.7   2018-04-17 16:49:51		Contracts: 	20		Date Projection based on Funding: 	84620.80		
Python 2.7   2018-04-17 16:50:16		Contracts: 	20		Date Projection based on Funding: 	84620.80		
Python 2.7   2018-04-17 16:50:31		Contracts: 	20		Date Projection based on Funding: 	84620.80		
Python 2.7   2018-04-17 16:50:59		Contracts: 	20		Date Projection based on Funding: 	84620.80		
Python 2.7   2018-04-17 16:51:19		Contracts: 	20		Date Projection based on Funding: 	84620.80		
Python 2.7   2018-04-17 16:51:36		Contracts: 	20		Date Projection based on Funding: 	84620.80		
Python 2.7   2018-04-17 16:51:52		Contracts: 	20		Date Projection based on Funding: 	84620.80		
Python 2.7   2018-04-17 16:52:09		Contracts: 	20		Date Projection based on Funding: 	84620.80		
Python 2.7   2018-04-17 16:52:32		Contracts: 	20		Date Projection based on Funding: 	84620.80		
Python 2.7   2018-04-17 16:52:52		Contracts: 	20		Date Projection based on Funding: 	84620.80		
Python 2.7   2018-04-17 16:53:09		Contracts: 	20		Date Projection based on Funding: 	84620.80		
Python 2.7   2018-04-17 16:53:40		Contracts: 	20		Date Projection based on Funding: 	84620.80		
Python 2.7   2018-04-17 16:54:08		Contracts: 	20		Date Projection based on Funding: 	84620.80		
Python 2.7   2018-04-17 16:54:51		Contracts: 	20		Date Projection based on Funding: 	84620.80		
Python 2.7   2018-04-17 16:56:11		Contracts: 	20		Date Projection based on Funding: 	84620.80		
Python 2.7   2018-04-17 16:56:43		Contracts: 	20		Date Projection based on Funding: 	84620.80		
Python 2.7   2018-04-17 16:56:48		Contracts: 	20		Date Projection based on Funding: 	84620.80		
Python 2.7   2018-04-17 17:11:27		Contracts: 	20		Date Projection based on Funding: 	84620.80		
Python 2.7   2018-04-17 17:12:00		Contracts: 	20		Date Projection based on Funding: 	84620.80		
Python 2.7   2018-04-17 17:13:13		Contracts: 	20		Date Projection based on Funding: 	84620.80		
Python 2.7   2018-04-17 17:13:33		Contracts: 	20		Date Projection based on Funding: 	84620.80		
Python 2.7   2018-04-17 17:13:50		Contracts: 	20		Date Projection based on Funding: 	84620.80		
Python 2.7   2018-04-17 17:14:05		Contracts: 	20		Date Projection based on Funding: 	84620.80		
Python 2.7   2018-04-17 17:14:26		Contracts: 	20		Date Projection based on Funding: 	84620.80		
Python 2.7   2018-04-17 17:14:39		Contracts: 	20		Date Projection based on Funding: 	84620.80		
Python 2.7   2018-04-17 17:15:09		Contracts: 	20		Date Projection based on Funding: 	84620.80		
Python 2.7   2018-04-17 17:15:34		Contracts: 	20		Date Projection based on Funding: 	84620.80		
Python 2.7   2018-04-17 17:15:51		Contracts: 	20		Date Projection based on Funding: 	84620.80		
Python 2.7   2018-04-17 17:16:19		Contracts: 	20		Date Projection based on Funding: 	84620.80		
Python 2.7   2018-04-17 17:16:32		Contracts: 	20		Date Projection based on Funding: 	84620.80		
Python 2.7   2018-04-17 17:16:51		Contracts: 	20		Date Projection based on Funding: 	84620.80		
Python 2.7   2018-04-17 17:17:04		Contracts: 	20		Date Projection based on Funding: 	84620.80		
Python 2.7   2018-04-17 17:17:33		Contracts: 	20		Date Projection based on Funding: 	84620.80		
Python 2.7   2018-04-17 17:17:44		Contracts: 	20		Date Projection based on Funding: 	84620.80		
Python 2.7   2018-04-17 17:18:15		Contracts: 	20		Date Projection based on Funding: 	84620.74		
Python 2.7   2018-04-17 17:18:41		Contracts: 	20		Date Projection based on Funding: 	84620.74		
Python 2.7   2018-04-17 17:18:56		Contracts: 	20		Date Projection based on Funding: 	84620.74		
Python 2.7   2018-04-17 17:19:30		Contracts: 	20		Date Projection based on Funding: 	84620.74		
Python 2.7   2018-04-17 17:19:51		Contracts: 	20		Date Projection based on Funding: 	84620.74		
Python 2.7   2018-04-26 13:59:29		Funding Required to Reach: 	1-1-2019		
Python 2.7   2018-04-26 14:00:09		Funding Required to Reach: 	1-1-2019		
Python 2.7   2018-04-26 14:02:22		Funding Required to Reach: 	12-31-18		
Python 2.7   2018-04-26 14:02:43		Funding Required to Reach: 	12-31-2018		
Python 2.7   2018-04-26 14:03:25		Funding Required to Reach: 	12-31-2018		
Python 2.7   2018-04-26 14:05:44		Funding Required to Reach: 	1-1-2019		
Python 2.7   2018-04-26 14:06:30		Company Excluded: 	Aerospace		Funding Required to Reach: 	1-1-2019		
Python 2.7   2018-05-03 12:28:39		Contracts: 	6		Company: 	OASYS, Inc		Date Projection based on Funding: 	99896.44		
Python 2.7   2018-05-03 13:34:49		Contracts: 	6		Date Projection based on Funding: 	200000		
Python 2.7   2018-05-03 13:37:45		Contracts: 	6		Date Projection based on Funding: 	200000		
Python 2.7   2018-05-03 13:51:07		Contracts: 	6		Funding Required to Reach: 	2-2-2018		
Python 2.7   2018-05-03 13:51:26		Contracts: 	6		Funding Required to Reach: 	10-10-2018		
Python 2.7   2018-05-03 13:51:57		Contracts: 	6		Funding Required to Reach: 	10-10-2018		
Python 2.7   2018-05-03 13:52:23		Contracts: 	6		Funding Required to Reach: 	10-10-2018		
Python 2.7   2018-05-03 13:54:26		Contracts: 	6		Funding Required to Reach: 	10-10-2018		
Python 2.7   2018-05-03 13:54:47		Contracts: 	6		Funding Required to Reach: 	10-10-2018		
Python 2.7   2018-05-03 13:55:08		Contracts: 	6		Funding Required to Reach: 	10-10-2018		
Python 2.7   2018-05-03 13:57:30		Contracts: 	6		Funding Required to Reach: 	10-10-2018		
Python 2.7   2018-05-03 14:01:27		Contracts: 	6		Funding Required to Reach: 	10-10-2018		
Python 2.7   2018-05-03 14:49:14		Contracts: 	6		Funding Required to Reach: 	10-10-2018		
Python 2.7   2018-05-10 08:28:27		Funding Required to Reach: 	12-31-2018		
Python 2.7   2018-05-14 10:09:09		Contracts: 	20		Date Projection based on Funding: 	200000		
Python 2.7   2018-05-14 10:09:34		Contracts: 	20		Date Projection based on Funding: 	200000		
Python 2.7   2018-05-14 14:29:10		Date Projection based on Funding: 	210000		
Python 2.7   2018-05-14 14:29:42		Date Projection based on Funding: 	85558		
Python 2.7   2018-05-16 08:40:38		Contracts: 	20		Date Projection based on Funding: 	200000		
Python 2.7   2018-05-16 08:43:53		Date Projection based on Funding: 	200000		
Python 2.7   2018-05-16 16:32:31		Funding Required to Reach: 	1-1-2019		
Python 2.7   2018-05-16 16:44:04		Funding Required to Reach: 	12-1-2018		
Python 2.7   2018-05-23 09:12:00		Person: 	John.Samples		Date Projection based on Funding: 	85558		
Python 2.7   2018-05-23 15:55:13		Date Projection based on Funding: 	20000		
Python 2.7   2018-05-24 09:51:15		Date Projection based on Funding: 	20000		
Python 2.7   2018-05-24 09:52:38		Date Projection based on Funding: 	20000		
Python 2.7   2018-05-24 09:53:22		Date Projection based on Funding: 	20000		
Python 2.7   2018-05-24 09:54:53		Date Projection based on Funding: 	20000		
Python 2.7   2018-05-24 09:55:28		Date Projection based on Funding: 	20000		
Python 2.7   2018-05-24 09:55:43		Date Projection based on Funding: 	20000		
Python 2.7   2018-05-24 09:57:18		Date Projection based on Funding: 	20000		
Python 2.7   2018-05-24 09:58:34		Date Projection based on Funding: 	20000		
Python 2.7   2018-05-24 09:58:51		Date Projection based on Funding: 	20000		
Python 2.7   2018-05-24 09:58:58		Date Projection based on Funding: 	20000		
Python 2.7   2018-05-24 10:06:56		Date Projection based on Funding: 	20000		
Python 2.7   2018-05-24 14:47:07		Date Projection based on Funding: 	1467289.5		
Python 2.7   2018-05-28 22:56:19		
Python 2.7   2018-05-28 22:58:37		
Python 2.7   2018-05-28 22:58:48		
Python 2.7   2018-05-28 22:58:53		
Python 2.7   2018-05-28 23:07:32		
Python 2.7   2018-05-28 23:08:06		
Python 2.7   2018-05-28 23:09:04		
Python 2.7   2018-05-28 23:09:39		
Python 2.7   2018-05-28 23:10:02		
Python 2.7   2018-05-28 23:10:15		
Python 2.7   2018-05-28 23:11:54		
Python 2.7   2018-05-28 23:16:21		
Python 2.7   2018-05-28 23:21:51		
Python 2.7   2018-05-28 23:22:46		
Python 2.7   2018-05-28 23:23:50		
Python 2.7   2018-05-28 23:30:43		
Python 2.7   2018-05-28 23:32:35		
Python 2.7   2018-05-28 23:32:58		
Python 2.7   2018-05-28 23:35:21		
Python 2.7   2018-05-28 23:35:31		
Python 2.7   2018-05-28 23:35:58		
Python 2.7   2018-05-28 23:36:08		
Python 2.7   2018-05-28 23:36:50		
Python 2.7   2018-05-29 02:03:54		
Python 2.7   2018-05-29 02:04:30		
Python 2.7   2018-05-29 02:04:42		
Python 2.7   2018-05-29 02:06:22		
Python 2.7   2018-05-29 02:06:47		
Python 2.7   2018-05-29 02:09:10		
Python 2.7   2018-05-29 02:14:24		
Python 2.7   2018-05-29 02:15:04		
Python 2.7   2018-05-29 02:15:59		
Python 2.7   2018-05-29 02:16:11		
Python 2.7   2018-05-29 02:16:37		
Python 2.7   2018-05-29 02:16:57		
Python 2.7   2018-05-29 02:17:11		
Python 2.7   2018-05-29 02:17:33		
Python 2.7   2018-05-29 02:17:42		
Python 2.7   2018-05-29 02:18:04		
Python 2.7   2018-05-29 02:21:22		
Python 2.7   2018-05-29 02:24:30		
Python 2.7   2018-05-29 02:24:41		
Python 2.7   2018-05-29 02:27:35		
Python 2.7   2018-05-29 02:28:37		
Python 2.7   2018-05-29 02:35:19		
Python 2.7   2018-05-29 02:36:50		
Python 2.7   2018-05-29 02:37:09		
Python 2.7   2018-05-29 02:44:59		
Python 2.7   2018-05-29 02:45:30		
Python 2.7   2018-05-29 02:46:23		
Python 2.7   2018-05-29 02:52:52		
Python 2.7   2018-05-29 02:53:21		
Python 2.7   2018-05-29 02:54:22		
Python 2.7   2018-05-29 02:55:57		
Python 2.7   2018-05-29 02:57:48		
Python 2.7   2018-05-29 02:59:09		
Python 2.7   2018-05-29 03:02:21		
Python 2.7   2018-05-29 03:02:51		
Python 2.7   2018-05-29 03:03:21		
Python 2.7   2018-05-29 03:04:01		
Python 2.7   2018-05-29 03:04:25		
Python 2.7   2018-05-29 03:04:47		
Python 2.7   2018-05-29 03:06:30		
Python 2.7   2018-05-29 03:06:49		
Python 2.7   2018-05-29 03:07:15		
Python 2.7   2018-05-29 03:08:21		
Python 2.7   2018-05-29 03:08:34		
Python 2.7   2018-05-29 03:08:50		
Python 2.7   2018-05-29 03:09:21		
Python 2.7   2018-05-29 03:10:29		
Python 2.7   2018-05-29 03:10:50		
Python 2.7   2018-05-29 03:11:20		
Python 2.7   2018-05-29 03:13:32		
Python 2.7   2018-05-29 03:13:37		
Python 2.7   2018-05-29 03:13:48		
Python 2.7   2018-05-29 03:15:41		
Python 2.7   2018-05-29 03:16:26		
Python 2.7   2018-05-29 03:17:46		
Python 2.7   2018-05-29 03:21:01		
Python 2.7   2018-05-29 03:21:24		
Python 2.7   2018-05-29 03:21:59		
Python 2.7   2018-05-29 03:24:07		
Python 2.7   2018-05-29 03:24:28		
Python 2.7   2018-05-29 03:29:05		
Python 2.7   2018-05-29 03:29:25		
Python 2.7   2018-05-29 03:33:00		
Python 2.7   2018-05-29 03:35:24		
Python 2.7   2018-05-29 03:36:13		
Python 2.7   2018-05-29 03:40:35		
Python 2.7   2018-05-29 03:41:40		
Python 2.7   2018-05-29 03:42:10		
Python 2.7   2018-05-29 03:44:08		
Python 2.7   2018-05-29 03:44:18		
Python 2.7   2018-05-29 03:51:34		
Python 2.7   2018-05-29 03:52:38		
Python 2.7   2018-05-29 03:53:08		
Python 2.7   2018-05-29 03:58:19		
Python 2.7   2018-05-29 04:08:11		
Python 2.7   2018-05-29 04:09:37		
Python 2.7   2018-05-29 04:16:06		
Python 2.7   2018-05-29 04:19:54		
Python 2.7   2018-05-29 04:21:50		
Python 2.7   2018-05-29 04:23:01		
Python 2.7   2018-05-29 04:26:03		
Python 2.7   2018-05-29 04:27:52		
Python 2.7   2018-05-29 04:35:16		
Python 2.7   2018-05-29 04:43:18		
Python 2.7   2018-05-29 04:44:44		
Python 2.7   2018-05-29 04:48:01		
Python 2.7   2018-05-29 04:48:54		
Python 2.7   2018-05-29 04:50:00		
Python 2.7   2018-05-29 04:51:10		
Python 2.7   2018-05-29 04:52:13		
Python 2.7   2018-05-29 04:56:06		
Python 2.7   2018-05-29 05:06:55		
Python 2.7   2018-05-29 05:07:29		
Python 2.7   2018-05-29 05:09:46		
Python 2.7   2018-05-29 05:12:58		
Python 2.7   2018-05-29 05:14:24		
Python 2.7   2018-05-29 05:15:32		
Python 2.7   2018-05-29 05:21:00		
Python 2.7   2018-05-29 05:22:55		
Python 2.7   2018-05-29 05:26:30		
Python 2.7   2018-05-29 05:27:08		
Python 2.7   2018-05-29 05:29:04		
Python 2.7   2018-05-29 05:30:02		
Python 2.7   2018-05-29 05:30:35		
Python 2.7   2018-05-29 16:04:12		Contracts: 	ISSDD		Funding Required to Reach: 	10-30-2018		
Python 2.7   2018-05-29 16:05:03		Contracts: 	ISSDD		Funding Required to Reach: 	12-31-2018		
Python 2.7   2018-05-29 16:26:05		
Python 2.7   2018-05-29 16:35:57		
Python 2.7   2018-05-29 16:58:38		Funding Required to Reach: 	12-31-2018		
Python 2.7   2018-05-29 17:01:06		Funding Required to Reach: 	12-31-2018		
Python 2.7   2018-06-06 10:24:31		
Python 2.7   2018-06-06 10:27:31		Funding Required to Reach: 	12-31-2018		
Python 2.7   2018-06-06 10:34:29		Funding Required to Reach: 	12-31-2018		
Python 2.7   2018-06-06 10:36:22		Funding Required to Reach: 	12-31-2018		
Python 2.7   2018-06-06 10:38:04		Funding Required to Reach: 	12-31-2018		
Python 2.7   2018-06-06 10:39:37		Funding Required to Reach: 	12-31-2018		
Python 2.7   2018-06-06 10:42:36		Funding Required to Reach: 	12-31-2018		
Python 2.7   2018-06-12 13:50:51		
Python 2.7   2018-06-12 13:51:02		
Python 2.7   2018-06-12 13:52:18		
Python 2.7   2018-06-12 13:53:28		
Python 2.7   2018-06-12 13:55:36		
Python 2.7   2018-06-12 13:56:29		
Python 2.7   2018-06-12 13:57:01		
Python 2.7   2018-06-12 13:57:58		
Python 2.7   2018-06-12 13:58:34		
Python 2.7   2018-06-12 13:58:54		
Python 2.7   2018-06-12 13:59:07		
Python 2.7   2018-06-12 13:59:26		
Python 2.7   2018-06-12 14:27:15		Funding Required to Reach: 	12-31-2018		
Python 2.7   2018-06-12 14:28:40		Funding Required to Reach: 	12-31-2018		
Python 2.7   2018-06-12 14:29:45		Funding Required to Reach: 	12-31-2018		
Python 2.7   2018-06-12 15:00:33		Funding Required to Reach: 	12-31-2018		
Python 2.7   2018-06-12 16:24:11		
Python 2.7   2018-06-12 16:24:39		
Python 2.7   2018-06-12 16:25:11		
Python 2.7   2018-06-12 16:25:31		Date Projection based on Funding: 	443000		
Python 2.7   2018-06-12 17:12:21		Funding Required to Reach: 	2-1-2018		
Python 2.7   2018-06-12 17:13:26		Company Excluded: 	Aerospace		Funding Required to Reach: 	2-1-2018		
Python 2.7   2018-06-12 17:14:06		Company Excluded: 	Aerospace		Funding Required to Reach: 	2-1-2018		
Python 2.7   2018-06-13 10:01:50		Funding Required to Reach: 	2-1-2018		
Python 2.7   2018-06-14 09:31:49		Funding Required to Reach: 	2-1-2018		
Python 2.7   2018-06-14 09:32:43		Funding Required to Reach: 	2-1-2018		
Python 2.7   2018-06-14 10:19:07		Funding Required to Reach: 	2-1-2018		
Python 2.7   2018-06-14 10:20:02		Date Projection based on Funding: 	100000		
Python 2.7   2018-06-14 10:44:40		Funding Required to Reach: 	12-31-2018		
Python 2.7   2018-06-14 10:45:28		Funding Required to Reach: 	12-31-2018		
Python 2.7   2018-06-14 12:03:23		Funding Required to Reach: 	12-31-2018		
Python 2.7   2018-06-14 12:04:43		
Python 2.7   2018-06-14 12:05:49		
Python 2.7   2018-06-14 12:06:16		
Python 2.7   2018-06-14 12:06:33		
Python 2.7   2018-06-14 12:13:58		
Python 2.7   2018-06-14 12:14:20		Funding Required to Reach: 	12-31-2018		
Python 2.7   2018-06-14 12:15:35		
Python 2.7   2018-06-14 12:16:39		
Python 2.7   2018-06-14 12:35:04		
Python 2.7   2018-06-14 12:35:41		
Python 2.7   2018-06-14 12:35:49		
Python 2.7   2018-06-14 12:37:28		
Python 2.7   2018-06-14 12:39:49		
Python 2.7   2018-06-14 12:41:12		
Python 2.7   2018-06-14 12:41:57		
Python 2.7   2018-06-14 12:42:18		
Python 2.7   2018-06-14 12:44:14		
Python 2.7   2018-06-14 12:44:41		
Python 2.7   2018-06-14 12:45:19		
Python 2.7   2018-06-14 12:45:42		
Python 2.7   2018-06-14 12:46:08		
Python 2.7   2018-06-14 12:46:21		
Python 2.7   2018-06-14 12:46:42		
Python 2.7   2018-06-14 12:46:59		
Python 2.7   2018-06-14 12:47:12		
Python 2.7   2018-06-14 12:47:26		
Python 2.7   2018-06-14 12:47:40		
Python 2.7   2018-06-14 12:47:47		
Python 2.7   2018-06-14 12:47:59		
Python 2.7   2018-06-14 12:48:15		
Python 2.7   2018-06-14 12:48:51		
Python 2.7   2018-06-14 12:49:01		
Python 2.7   2018-06-14 12:52:26		
Python 2.7   2018-06-14 12:53:29		
Python 2.7   2018-06-14 12:55:53		
Python 2.7   2018-06-14 13:48:42		
Python 2.7   2018-06-21 10:37:48		Funding Required to Reach: 	1-1-2019		
Python 2.7   2018-06-21 10:39:52		Funding Required to Reach: 	1-1-2019		
Python 2.7   2018-06-21 14:47:32		Funding Required to Reach: 	1-1-2019		
Python 2.7   2018-06-21 14:48:32		Funding Required to Reach: 	1-1-2019		
Python 2.7   2018-06-21 14:58:56		Funding Required to Reach: 	1-1-2019		
Python 2.7   2018-06-21 15:00:00		Funding Required to Reach: 	1-1-2019		
Python 2.7   2018-06-21 16:19:28		Funding Required to Reach: 	1-1-2019		
Python 2.7   2018-06-26 14:58:12		Funding Required to Reach: 	1-1-2019		
Python 2.7   2018-07-09 10:51:28		
Python 2.7   2018-07-09 10:51:58		
Python 2.7   2018-07-09 10:54:09		
Python 2.7   2018-07-09 10:55:40		
Python 2.7   2018-07-09 10:56:14		
Python 2.7   2018-07-09 10:56:25		
Python 2.7   2018-07-09 11:00:15		
Python 2.7   2018-07-09 11:02:02		
Python 2.7   2018-07-09 11:03:49		
Python 2.7   2018-07-09 11:05:37		
Python 2.7   2018-07-09 11:06:33		
Python 2.7   2018-07-09 11:06:53		
Python 2.7   2018-07-09 11:10:23		
Python 2.7   2018-07-09 11:12:17		
Python 2.7   2018-07-09 11:13:04		
Python 2.7   2018-07-09 11:18:31		
Python 2.7   2018-07-09 11:20:36		
Python 2.7   2018-07-09 11:21:04		
Python 2.7   2018-07-09 11:22:36		
Python 2.7   2018-07-09 11:23:29		
Python 2.7   2018-07-09 11:25:58		
Python 2.7   2018-07-09 11:26:55		
Python 2.7   2018-07-09 11:27:30		
Python 2.7   2018-07-09 11:41:18		
Python 2.7   2018-07-09 11:41:45		
Python 2.7   2018-07-09 11:43:14		
Python 2.7   2018-07-09 11:45:04		
Python 2.7   2018-07-09 12:06:18		
Python 2.7   2018-07-09 12:06:34		
Python 2.7   2018-07-09 12:15:35		
Python 2.7   2018-07-09 12:17:14		
Python 2.7   2018-07-09 12:19:20		
Python 2.7   2018-07-09 12:21:44		
Python 2.7   2018-07-09 12:31:57		
Python 2.7   2018-07-09 12:32:17		
Python 2.7   2018-07-09 12:33:04		
Python 2.7   2018-07-09 13:12:34		
Python 2.7   2018-07-09 13:16:06		
Python 2.7   2018-07-09 13:19:05		
Python 2.7   2018-07-09 13:20:26		
Python 2.7   2018-07-09 13:21:21		
Python 2.7   2018-07-09 13:22:23		
Python 2.7   2018-07-09 13:22:38		
Python 2.7   2018-07-09 13:24:11		
Python 2.7   2018-07-09 13:26:37		
Python 2.7   2018-07-09 13:27:23		
Python 2.7   2018-07-09 13:28:16		
Python 2.7   2018-07-09 13:29:40		
Python 2.7   2018-07-09 13:31:01		
Python 2.7   2018-07-09 13:31:18		
Python 2.7   2018-07-09 13:32:49		
Python 2.7   2018-07-09 13:33:46		
Python 2.7   2018-07-09 13:35:01		
Python 2.7   2018-07-09 13:36:02		
Python 2.7   2018-07-09 13:36:53		
Python 2.7   2018-07-09 13:37:35		
Python 2.7   2018-07-09 13:37:43		
Python 2.7   2018-07-09 13:38:18		
Python 2.7   2018-07-09 13:38:43		
Python 2.7   2018-07-09 13:38:54		
Python 2.7   2018-07-09 13:39:38		
Python 2.7   2018-07-09 13:41:20		
Python 2.7   2018-07-09 13:42:25		
Python 2.7   2018-07-09 13:43:59		
Python 2.7   2018-07-09 13:45:53		
Python 2.7   2018-07-09 13:46:16		
Python 2.7   2018-07-09 13:46:50		
Python 2.7   2018-07-09 13:47:40		
Python 2.7   2018-07-09 13:49:16		
Python 2.7   2018-07-09 13:50:36		
Python 2.7   2018-07-09 13:57:29		
Python 2.7   2018-07-09 14:00:49		
Python 2.7   2018-07-09 14:02:48		
Python 2.7   2018-07-09 14:04:50		
Python 2.7   2018-07-09 14:09:46		
Python 2.7   2018-07-09 14:10:05		
Python 2.7   2018-07-09 14:40:38		
Python 2.7   2018-07-09 14:41:07		
Python 2.7   2018-07-09 14:41:51		
Python 2.7   2018-07-09 15:00:10		
Python 2.7   2018-07-09 15:03:52		
Python 2.7   2018-07-09 15:04:27		
Python 2.7   2018-07-09 15:05:01		
Python 2.7   2018-07-09 15:07:02		
Python 2.7   2018-07-09 15:11:27		
Python 2.7   2018-07-09 15:23:42		
Python 2.7   2018-07-09 15:27:14		
Python 2.7   2018-07-09 15:27:56		
Python 2.7   2018-07-09 15:30:07		
Python 2.7   2018-07-09 15:30:52		
Python 2.7   2018-07-09 16:10:10		Funding Required to Reach: 	12-31-2018		
Python 2.7   2018-07-09 16:37:16		
Python 2.7   2018-07-09 16:38:25		
Python 2.7   2018-07-09 17:16:43		
Python 2.7   2018-07-09 17:18:41		
Python 2.7   2018-07-09 17:22:37		
Python 2.7   2018-07-09 17:30:34		
Python 2.7   2018-07-09 17:30:41		
Python 2.7   2018-07-09 17:34:23		
Python 2.7   2018-07-09 17:35:27		
Python 2.7   2018-07-10 12:27:05		
Python 2.7   2018-07-10 12:27:31		
Python 2.7   2018-07-10 12:27:58		
Python 2.7   2018-07-10 12:28:46		
Python 2.7   2018-07-10 12:29:05		
Python 2.7   2018-07-10 12:30:22		
Python 2.7   2018-07-10 12:30:40		
Python 2.7   2018-07-10 12:31:47		
Python 2.7   2018-07-10 12:32:07		
Python 2.7   2018-07-10 12:33:50		
Python 2.7   2018-07-10 12:34:05		
Python 2.7   2018-07-10 12:34:10		
Python 2.7   2018-07-10 12:34:25		
Python 2.7   2018-07-10 12:34:38		
Python 2.7   2018-07-10 12:34:46		
Python 2.7   2018-07-10 12:39:54		
Python 2.7   2018-07-10 12:44:27		
Python 2.7   2018-07-10 12:45:02		
Python 2.7   2018-07-10 12:45:35		
Python 2.7   2018-07-10 12:47:19		
Python 2.7   2018-07-10 12:50:13		
Python 2.7   2018-07-10 14:22:04		
Python 2.7   2018-07-10 14:23:21		
Python 2.7   2018-07-10 14:24:43		
Python 2.7   2018-07-10 14:27:09		
Python 2.7   2018-07-10 14:29:58		
Python 2.7   2018-07-10 14:30:41		
Python 2.7   2018-07-10 14:38:57		
Python 2.7   2018-07-10 14:41:24		
Python 2.7   2018-07-10 14:44:49		
Python 2.7   2018-07-10 14:46:39		
Python 2.7   2018-07-10 16:55:12		
Python 2.7   2018-07-10 16:55:43		
Python 2.7   2018-07-10 17:01:08		
Python 2.7   2018-07-10 17:02:34		
Python 2.7   2018-07-10 17:07:00		
Python 2.7   2018-07-10 17:07:46		
Python 2.7   2018-07-10 17:09:35		
Python 2.7   2018-07-10 17:10:24		
Python 2.7   2018-07-10 17:12:58		
Python 2.7   2018-07-10 17:15:00		
Python 2.7   2018-07-10 17:21:28		
Python 2.7   2018-07-10 17:23:41		
Python 2.7   2018-07-10 17:39:01		
Python 2.7   2018-07-10 17:43:19		
Python 2.7   2018-07-10 17:43:52		
Python 2.7   2018-07-11 09:07:25		
Python 2.7   2018-07-11 09:07:58		
Python 2.7   2018-07-11 09:16:59		
Python 2.7   2018-07-11 09:20:26		
Python 2.7   2018-07-11 09:21:52		
Python 2.7   2018-07-11 09:22:13		
Python 2.7   2018-07-11 09:23:01		
Python 2.7   2018-07-11 09:24:51		
Python 2.7   2018-07-11 09:25:10		
Python 2.7   2018-07-11 09:27:09		
Python 2.7   2018-07-11 09:28:25		
Python 2.7   2018-07-11 09:30:44		
Python 2.7   2018-07-11 09:34:42		
Python 2.7   2018-07-11 09:36:19		
Python 2.7   2018-07-11 09:38:08		
Python 2.7   2018-07-11 09:39:29		
Python 2.7   2018-07-11 10:09:17		
Python 2.7   2018-07-11 10:11:12		
Python 2.7   2018-07-11 10:16:21		
Python 2.7   2018-07-11 10:33:35		
Python 2.7   2018-07-11 10:34:57		
Python 2.7   2018-07-11 10:36:54		
Python 2.7   2018-07-11 10:37:32		
Python 2.7   2018-07-11 10:38:09		
Python 2.7   2018-07-11 10:38:37		
Python 2.7   2018-07-11 10:40:59		
Python 2.7   2018-07-11 10:41:30		
Python 2.7   2018-07-11 10:43:11		
Python 2.7   2018-07-11 10:44:24		
Python 2.7   2018-07-11 10:45:13		
Python 2.7   2018-07-11 10:46:06		
Python 2.7   2018-07-11 10:48:06		
Python 2.7   2018-07-11 10:49:09		
Python 2.7   2018-07-11 10:49:41		
Python 2.7   2018-07-11 11:07:58		
Python 2.7   2018-07-11 11:11:38		
Python 2.7   2018-07-11 11:13:43		
Python 2.7   2018-07-11 11:14:48		
Python 2.7   2018-07-11 11:19:49		
Python 2.7   2018-07-11 11:21:50		
Python 2.7   2018-07-11 11:22:16		
Python 2.7   2018-07-11 12:27:52		
Python 2.7   2018-07-11 13:14:25		
Python 2.7   2018-07-11 13:20:29		
Python 2.7   2018-07-11 13:45:06		
Python 2.7   2018-07-11 13:46:28		
Python 2.7   2018-07-11 13:46:56		
Python 2.7   2018-07-11 13:47:17		
Python 2.7   2018-07-11 13:48:12		
Python 2.7   2018-07-11 13:56:38		
Python 2.7   2018-07-11 14:19:32		
Python 2.7   2018-07-11 14:20:07		
Python 2.7   2018-07-13 13:02:28		
Python 2.7   2018-07-13 13:03:20		
Python 2.7   2018-07-13 13:05:53		
Python 2.7   2018-07-13 13:09:05		
Python 2.7   2018-07-13 13:55:33		
Python 2.7   2018-07-13 14:37:13		
Python 2.7   2018-07-13 14:39:00		
Python 2.7   2018-07-13 14:41:49		
Python 2.7   2018-07-13 16:31:21		
Python 2.7   2018-07-13 16:31:29		
Python 2.7   2018-07-13 16:31:31		
Python 2.7   2018-07-13 16:31:36		
Python 2.7   2018-07-13 16:39:57		
Python 2.7   2018-07-13 16:44:02		
Python 2.7   2018-07-13 16:54:33		
Python 2.7   2018-07-13 17:37:00		
Python 2.7   2018-07-13 17:50:54		
Python 2.7   2018-07-13 18:04:14		
Python 2.7   2018-07-16 09:42:47		
Python 2.7   2018-07-16 09:43:46		
Python 2.7   2018-07-16 09:44:34		
Python 2.7   2018-07-16 09:47:31		
Python 2.7   2018-07-16 09:48:01		
Python 2.7   2018-07-16 09:50:46		
Python 2.7   2018-07-16 09:51:28		
Python 2.7   2018-07-16 09:52:40		
Python 2.7   2018-07-16 09:53:21		
Python 2.7   2018-07-16 09:54:48		
Python 2.7   2018-07-16 09:56:24		
Python 2.7   2018-07-16 09:57:30		
Python 2.7   2018-07-16 09:58:31		
Python 2.7   2018-07-16 09:59:58		Funding Required to Reach: 	12-31-2019		
Python 2.7   2018-07-16 10:05:11		
Python 2.7   2018-07-18 17:20:51		
Python 2.7   2018-07-18 17:21:04		
Python 2.7   2018-07-18 17:21:23		
Python 2.7   2018-07-19 12:58:51		
Python 2.7   2018-07-19 13:00:08		
Python 2.7   2018-07-19 13:00:43		
Python 2.7   2018-07-19 13:02:24		
Python 2.7   2018-07-19 13:04:45		
Python 2.7   2018-07-27 11:50:16		
Python 2.7   2018-07-27 12:00:04		
Python 2.7   2018-07-27 12:00:34		
Python 2.7   2018-07-27 12:00:50		
Python 2.7   2018-07-27 12:01:08		
Python 2.7   2018-07-27 12:01:22		
Python 2.7   2018-07-27 12:05:36		
Python 2.7   2018-07-27 12:18:32		
Python 2.7   2018-07-30 15:49:23		Funding Required to Reach: 	1-1-2020		
Python 2.7   2018-07-30 15:50:06		Funding Required to Reach: 	1-1-2020		
Python 2.7   2018-07-30 15:52:39		Funding Required to Reach: 	1-1-2020		
Python 2.7   2018-07-30 15:54:19		Funding Required to Reach: 	1-1-2020		
Python 2.7   2018-07-30 15:55:09		Funding Required to Reach: 	1-1-2020		
Python 2.7   2018-07-30 15:58:09		Funding Required to Reach: 	1-1-2020		
Python 2.7   2018-07-31 12:47:53		Funding Required to Reach: 	1-1-2020		
Python 2.7   2018-07-31 12:48:45		Funding Required to Reach: 	1-1-2020		
Python 2.7   2018-07-31 13:03:22		Funding Required to Reach: 	4-1-2019		
Python 2.7   2018-07-31 13:04:04		Funding Required to Reach: 	6-1-2019		
Python 2.7   2018-08-01 11:55:36		
Python 2.7   2018-08-01 17:16:23		Funding Required to Reach: 	1-1-2020		
Python 2.7   2018-08-01 17:32:53		Funding Required to Reach: 	1-1-2020		
Python 2.7   2018-08-01 17:35:39		Funding Required to Reach: 	1-1-2020		
Python 2.7   2018-08-01 17:49:00		Funding Required to Reach: 	1-1-2020		
Python 2.7   2018-08-01 17:49:38		Funding Required to Reach: 	1-1-2020		
Python 2.7   2018-08-01 17:51:05		Funding Required to Reach: 	1-1-2020		
Python 2.7   2018-08-01 18:22:39		Funding Required to Reach: 	1-1-2020		
Python 2.7   2018-08-01 18:49:30		
Python 2.7   2018-08-01 19:02:45		
Python 2.7   2018-08-01 19:05:27		
Python 2.7   2018-08-01 19:10:29		
Python 2.7   2018-08-01 19:11:47		
Python 2.7   2018-08-01 19:13:03		
Python 2.7   2018-08-01 19:17:18		Funding Required to Reach: 	1-1-2020		
Python 2.7   2018-08-01 19:22:19		Funding Required to Reach: 	1-1-2020		
Python 2.7   2018-08-01 19:25:52		
Python 2.7   2018-08-01 19:26:24		
Python 2.7   2018-08-01 19:26:54		
Python 2.7   2018-08-01 19:28:23		
Python 2.7   2018-08-13 09:29:55		Funding Required to Reach: 	1-1-2020		
Python 2.7   2018-08-13 09:44:05		Funding Required to Reach: 	1-1-2020		
Python 2.7   2018-08-23 10:56:24		Contracts: 	1		Funding Required to Reach: 	1-1-2020		
Python 2.7   2018-08-23 10:56:42		Contracts: 	2		Funding Required to Reach: 	1-1-2020		
Python 2.7   2018-08-23 10:57:00		Contracts: 	20		Funding Required to Reach: 	1-1-2020		
Python 2.7   2018-08-23 13:46:56		Contracts: 	20		Funding Required to Reach: 	10-20-2018		
Python 2.7   2018-08-23 13:48:20		Funding Required to Reach: 	1-1-2019		
Python 2.7   2018-08-28 14:20:24		
Python 2.7   2018-08-28 14:20:33		
Python 2.7   2018-08-28 14:20:55		
Python 2.7   2018-08-28 14:22:38		
Python 2.7   2018-08-28 14:24:34		
Python 2.7   2018-08-28 14:24:56		
Python 2.7   2018-08-28 14:25:32		
Python 2.7   2018-08-28 14:25:43		
Python 2.7   2018-09-04 09:25:43		Funding Required to Reach: 	1-1-2020		
Python 2.7   2018-09-07 09:30:56		Person: 	Rich.Robinson		Funding Required to Reach: 	12-31-2019		
Python 2.7   2018-09-07 09:32:25		Person: 	Rich.Robinson		Funding Required to Reach: 	12-31-2019		
Python 2.7   2018-09-07 14:40:09		Person: 	Joy.Vanderveer		Funding Required to Reach: 	3-1-2020		
Python 2.7   2018-09-07 14:40:52		Person: 	Greg.Bacon		Funding Required to Reach: 	10-12-2019		
Python 2.7   2018-09-11 15:05:40		Contracts: 	1		Funding Required to Reach: 	2-1-2019		
Python 2.7   2018-09-11 15:05:54		Contracts: 	20		Funding Required to Reach: 	2-1-2019		
Python 2.7   2018-09-11 16:08:55		Contracts: 	20		Company: 	OASYS, Inc. - PSS    		
Python 2.7   2018-09-11 16:09:08		Contracts: 	20		Company: 	OASYS, Inc. - PSS		Funding Required to Reach: 	2-1-2019		
Python 2.7   2018-09-11 16:12:09		Funding Required to Reach: 	2-1-2019		
Python 2.7   2018-09-12 13:59:56		Person: 	Tara.Williams		Funding Required to Reach: 	12-31-2020		
Python 2.7   2018-09-12 14:00:14		Person: 	Tara.Williams		Funding Required to Reach: 	12-31-2019		
Python 2.7   2018-09-12 14:01:33		Person: 	Jennifer.Broom		Funding Required to Reach: 	11-1-2019		
Python 2.7   2018-09-12 14:02:08		Person: 	Holly.Adkison		Funding Required to Reach: 	11-1-2019		
Python 2.7   2018-09-12 14:02:34		Person: 	Holly.Adkison		Funding Required to Reach: 	12-31-2019		
Python 2.7   2018-09-17 12:38:28		
Python 2.7   2018-09-17 12:38:55		
Python 2.7   2018-09-17 12:42:08		
Python 2.7   2018-09-17 12:42:51		
Python 2.7   2018-09-17 12:43:09		
Python 2.7   2018-09-17 13:14:46		
Python 2.7   2018-09-17 13:19:58		
Python 2.7   2018-09-17 15:07:58		
Python 2.7   2018-09-17 15:09:20		
Python 2.7   2018-09-17 15:11:10		
Python 2.7   2018-09-17 15:11:25		
Python 2.7   2018-09-17 15:12:59		
Python 2.7   2018-09-17 15:13:56		
Python 2.7   2018-09-17 15:14:07		
Python 2.7   2018-09-17 15:14:51		
Python 2.7   2018-09-17 15:16:31		
Python 2.7   2018-09-17 15:16:45		
Python 2.7   2018-09-17 15:16:57		
Python 2.7   2018-09-17 15:21:03		
Python 2.7   2018-09-17 15:35:21		
Python 2.7   2018-09-17 15:35:31		
Python 2.7   2018-09-17 15:35:48		
Python 2.7   2018-09-18 10:21:45		
Python 2.7   2018-09-18 10:24:10		
Python 2.7   2018-09-19 14:57:00		Funding Required to Reach: 	1-1-2020		
Python 2.7   2018-09-27 16:51:21		Funding Required to Reach: 	1-1-2020		
Python 2.7   2018-10-01 16:06:48		
Python 2.7   2018-10-01 16:11:41		
Python 2.7   2018-10-03 14:11:51		
Python 2.7   2018-10-03 14:14:24		
Python 2.7   2018-10-03 14:15:57		
Python 2.7   2018-10-03 14:30:23		
Python 2.7   2018-10-03 14:39:22		
Python 2.7   2018-10-03 14:44:39		
Python 2.7   2018-10-03 14:45:23		
Python 2.7   2018-10-03 14:45:44		Funding Required to Reach: 	1-1-2020		
Python 2.7   2018-10-03 14:46:18		
Python 2.7   2018-10-04 10:16:25		Funding Required to Reach: 	1-1-2020		
Python 2.7   2018-10-04 10:17:10		Funding Required to Reach: 	1-1-2020		
Python 2.7   2018-10-04 10:18:17		Funding Required to Reach: 	1-1-2020		
Python 2.7   2018-10-04 10:18:45		Funding Required to Reach: 	1-1-2020		
Python 2.7   2018-10-04 10:19:16		Funding Required to Reach: 	1-1-2020		
Python 2.7   2018-10-05 10:09:30		
Python 2.7   2018-10-05 10:11:00		Funding Required to Reach: 	1-1-2019		
Python 2.7   2018-10-05 10:11:24		Funding Required to Reach: 	1-1-2020		
Python 2.7   2018-10-05 10:12:07		Funding Required to Reach: 	1-1-2020		
Python 2.7   2018-10-09 16:31:28		
Python 2.7   2018-10-09 16:35:02		
Python 2.7   2018-10-09 16:35:07		
